{"cameraMode":{"drawMode":2,"name":"Shaded Wireframe","section":"Shading Mode"},"sceneLighting":true,"audioPlay":false,"sceneViewState":{"showFog":true,"showMaterialUpdate":false,"showSkybox":true,"showFlares":true,"showImageEffects":true,"showParticleSystems":true},"in2DMode":false,"pivot":{"x":1.6805552244186402,"y":-0.46351975202560427,"z":0.08444094657897949},"rotation":{"x":-0.01622726023197174,"y":-0.02062305063009262,"z":-0.00033515747054480016,"w":0.9996568560600281},"size":1.3578839302062989,"orthographic":false}