{"cameraMode":{"drawMode":2,"name":"Shaded Wireframe","section":"Shading Mode"},"sceneLighting":true,"audioPlay":false,"sceneViewState":{"showFog":true,"showMaterialUpdate":false,"showSkybox":true,"showFlares":true,"showImageEffects":true,"showParticleSystems":true},"in2DMode":false,"pivot":{"x":4.48516321182251,"y":-13.642210960388184,"z":7.1408796310424809},"rotation":{"x":0.12928152084350587,"y":0.12938587367534638,"z":-0.01701812818646431,"w":0.9829882979393005},"size":10.113730430603028,"orthographic":false}