{"cameraMode":{"drawMode":2,"name":"Shaded Wireframe","section":"Shading Mode"},"sceneLighting":true,"audioPlay":false,"sceneViewState":{"showFog":true,"showMaterialUpdate":false,"showSkybox":true,"showFlares":true,"showImageEffects":true,"showParticleSystems":true},"in2DMode":false,"pivot":{"x":4.849060535430908,"y":-11.732461929321289,"z":0.15975028276443482},"rotation":{"x":-0.15754447877407075,"y":-0.5644816756248474,"z":0.11079240590333939,"w":-0.8026774525642395},"size":3.722944498062134,"orthographic":false}