{"cameraMode":{"drawMode":2,"name":"Shaded Wireframe","section":"Shading Mode"},"sceneLighting":true,"audioPlay":false,"sceneViewState":{"showFog":true,"showMaterialUpdate":false,"showSkybox":true,"showFlares":true,"showImageEffects":true,"showParticleSystems":true},"in2DMode":false,"pivot":{"x":6.810956954956055,"y":-19.574262619018556,"z":-10.328890800476075},"rotation":{"x":0.23426339030265809,"y":-0.17066490650177003,"z":0.04180995374917984,"w":0.9561703205108643},"size":10.113730430603028,"orthographic":false}