{"cameraMode":{"drawMode":2,"name":"Shaded Wireframe","section":"Shading Mode"},"sceneLighting":true,"audioPlay":false,"sceneViewState":{"showFog":true,"showMaterialUpdate":false,"showSkybox":true,"showFlares":true,"showImageEffects":true,"showParticleSystems":true},"in2DMode":false,"pivot":{"x":-3.5229709148406984,"y":-3.572087287902832,"z":-2.808530807495117},"rotation":{"x":-0.09427707642316818,"y":-0.09037058055400849,"z":0.008593537844717503,"w":-0.9914016723632813},"size":22.08478546142578,"orthographic":false}