{"cameraMode":{"drawMode":2,"name":"Shaded Wireframe","section":"Shading Mode"},"sceneLighting":true,"audioPlay":false,"sceneViewState":{"showFog":true,"showMaterialUpdate":false,"showSkybox":true,"showFlares":true,"showImageEffects":true,"showParticleSystems":true},"in2DMode":false,"pivot":{"x":-3.6744072437286379,"y":3.4426217079162599,"z":-2.372631549835205},"rotation":{"x":0.3355221450328827,"y":0.08918782323598862,"z":-0.031928177922964099,"w":0.9372579455375671},"size":6.205573558807373,"orthographic":false}